Counter,Location,Experiment,Site,Block,PID,Paired_PID,Species,Treatment,Lat_Deg,Lon_Deg,Date_01,Days_01,Diam_mm_01,Height_cm_01,DBH_01,Canopy_length_cm_01,Canopy_width_cm_01,Ground_cover_percent_01,Notes_01,Dead_01,Use_growth_01,Date_02,Days_02,Diam_mm_02,Height_cm_02,DBH_02,Canopy_length_cm_02,Canopy_width_cm_02,Ground_cover_percent_02,Notes_02,Dead_02,Use_growth_02,Date_03,Days_03,Diam_mm_03,Height_cm_03,DBH_03,Canopy_length_cm_03,Canopy_width_cm_03,Ground_cover_percent_03,Notes_03,Dead_03,Use_growth_03,Date_03_5,Days_03_5,foliar_N_mg_g_03_5,foliar_C_mg_g_03_5,Date_04,Days_04,Diam_mm_04,Height_cm_04,DBH_04,Canopy_length_cm_04,Canopy_width_cm_04,Ground_cover_percent_04,Notes_04,Dead_04,Use_growth_04,foliar_N_mg_g_04,foliar_C_mg_g_04,foliar_15N_AP_04,foliar_d15N_04,foliar_d13C_04,disk_d15N_04,Date_05,Days_05,Diam_mm_05,Height_cm_05,DBH_05,Canopy_length_cm_05,Canopy_width_cm_05,Ground_cover_percent_05,Notes_05,Dead_05,Use_growth_05,Date_06,Days_06,Diam_mm_06,Height_cm_06,DBH_06,Canopy_length_cm_06,Canopy_width_cm_06,Ground_cover_percent_06,Notes_06,Dead_06,Use_growth_06,foliar_N_mg_g_06,foliar_C_mg_g_06,foliar_15N_AP_06,foliar_d15N_06,foliar_d13C_06,Aboveground_harvest_date_06,Harvest_notes_06,Main_stem_g_dry_06,Twigs_g_dry_06,Leaves_g_dry_06,Secondary_stems_g_dry_06,Fruit_g_dry_06,Dead_g_dry_06,Aboveground_mass_g_dry_06,Aboveground_mass_g_wet_06,Root_g_dry_06,Use_allometry_06,Allometry_use_notes_06,AGB_est_kg_01,AGB_est_kg_02,AGB_est_kg_03,AGB_est_kg_04,AGB_est_kg_05,AGB_est_kg_06
1,HI,FX,Volcano,1,246,NA,ACKO,HN,NA,NA,5/26/16,0,3.9,33.02,NA,NA,NA,NA,,0,1,7/10/16,45,5.1,38.1,NA,NA,NA,NA,,0,1,6/15/17,385,49,239,NA,181,125,100,,0,1,1/16/18,600,NA,NA,6/20/18,755,NA,NA,NA,NA,NA,NA,dead,1,0,NA,NA,NA,NA,NA,NA,1/15/19,964,NA,NA,NA,NA,NA,NA,dead,1,0,7/18/19,1148,58.9,NA,NA,NA,NA,NA,dead,1,0,NA,NA,NA,NA,NA,7/18/19,Dead,NA,NA,NA,NA,NA,NA,NA,NA,NA,0,Dead,0.000822592,0.00178838,1.384927118,NA,NA,NA
2,HI,FX,Volcano,2,258,NA,ACKO,HN,NA,NA,1/12/17,0,5.3,40.894,NA,NA,NA,NA,,0,1,NA,NA,NA,NA,NA,NA,NA,NA,,0,0,6/15/17,154,14.5,115,NA,57,47,100,,0,1,1/16/18,369,26.3,494,6/20/18,524,39.4,184,NA,100,117,NA,,0,1,24.88825524,496.503827,0.83907,1301.6,-30.38,NA,1/15/19,733,51,250,NA,135,140,NA,,0,1,7/18/19,917,70.25,310,NA,204,237,NA,,0,1,31.01060218,491.323563,0.42996,174.53,-30.46,7/18/19,,1457.3,461.6,1543,754.3,NA,14.1,4230.310956,14300,NA,1,,0.001999041,NA,0.05113294,0.595114709,1.338416592,4.090148919
3,HI,FX,Volcano,3,270,NA,ACKO,HN,NA,NA,3/18/16,0,3.42,31,NA,NA,NA,NA,,0,1,7/10/16,114,7.7,49.53,NA,NA,NA,NA,,0,1,6/15/17,454,63.5,270,NA,205,168,100,"black fungus on lower leaves and stem; branch broken and insect activity at site of broken branch; October 2017 notes: not dead, but looks terrible. JB thinks this tree has root rot",0.5,1,1/16/18,669,NA,NA,6/20/18,824,NA,NA,NA,NA,NA,NA,,0.5,0,NA,NA,NA,NA,NA,NA,1/15/19,1033,NA,NA,NA,NA,NA,NA,dead,1,0,7/18/19,1217,NA,NA,NA,NA,NA,NA,dead,1,0,NA,NA,NA,NA,NA,7/18/19,Dead,NA,NA,NA,NA,NA,NA,NA,NA,NA,0,,0.000562422,0.005894162,2.679769453,NA,NA,NA
4,HI,FX,Volcano,4,282,NA,ACKO,HN,NA,NA,6/28/16,0,NA,NA,NA,NA,NA,NA,pig damage for tree that was replaced,0,0,7/10/16,12,5,46.99,NA,NA,NA,NA,,0,1,6/15/17,352,60.5,289,NA,167,125,100,black fungus on lower leaves and stem,0.5,1,1/16/18,567,14.6,493.2,6/20/18,722,85.4,550,NA,240,300,NA,,0,1,12.2864148,469.7669694,0.56579,547.7,-29.53,NA,1/15/19,931,94,510,NA,265,275,NA,"decreased in height, but diameter and canopy area increased slightly",0,1,7/18/19,1115,102.55,510,NA,290,253,NA,"decreased in height, but diameter and canopy area increased slightly",0,1,16.94241134,482.0108839,0.4452,216.35,-28.21,7/18/19,Fruit = seed pods; average wet:dry ratio for ACKO used for dead dry weight,6529.7,735,1970.1,3147.5,33.1,636.5,13051.92871,25107,NA,1,,NA,0.001688741,1.927459885,9.548427189,10.34325459,11.57575903
5,HI,FX,Volcano,5,294,NA,ACKO,HN,NA,NA,3/18/16,0,2.43,25,NA,NA,NA,NA,,0,1,7/10/16,114,3.4,25.4,NA,NA,NA,NA,,0,1,6/15/17,454,24.5,166,NA,64,49,100,,0,1,1/16/18,669,25.1,504.8,6/20/18,824,62.2,370,NA,174,174,NA,,0,1,20.88728712,499.4363668,0.83214,1282.4,-27.28,NA,1/15/19,1033,71,430,NA,195,195,NA,,0,1,7/18/19,1217,93.95,470,NA,239,243,NA,,0,1,22.32134061,493.7611036,0.45216,235.44,-27.94,7/18/19,Aboveground wet weight 14.76 kg,NA,NA,NA,NA,NA,NA,6448.67272,14760,NA,0.5,"0.5 means use for allometry, but estimated total dry agb from total wet agb using power fit dry = 0.3512961*wet^1.02272; This came from regressing log(dry) on log(wet) from the AK trees where we had both; the R^2 was 0.9923, so not worrying about error propagation; did this because we only had wet mass",0.000209121,0.000552953,0.136159728,2.932580477,4.375270162,8.529825551
6,HI,FX,Volcano,6,306,NA,ACKO,HN,NA,NA,3/18/16,0,1.59,22,NA,NA,NA,NA,,0,1,7/10/16,114,2.5,22.86,NA,NA,NA,NA,unhealthy,0.5,1,6/15/17,454,19.5,150,NA,96,77,100,,0,1,1/16/18,669,21.1,505.9,6/20/18,824,50.3,370,NA,180,240,NA,,0,1,23.18583483,502.4471673,0.94113,1584.2,-29.49,NA,1/15/19,1033,68,430,NA,325,253,NA,,0,1,7/18/19,1217,101.65,485,NA,345,306,NA,,0,1,27.7443019,488.4180917,0.4693,282.51,-26.61,7/18/19,Aboveground wet weight 29.06 kg,NA,NA,NA,NA,NA,NA,12893.27494,29060,NA,0.5,"0.5 means use for allometry, but estimated total dry agb from total wet agb using power fit dry = 0.3512961*wet^1.02272; This came from regressing log(dry) on log(wet) from the AK trees where we had both; the R^2 was 0.9923, so not worrying about error propagation; did this because we only had wet mass",6.13E-05,0.00022704,0.164068621,2.808931533,6.70079236,13.91713114
7,HI,FX,Volcano,7,318,NA,ACKO,HN,NA,NA,3/18/16,0,2.85,17,NA,NA,NA,NA,,0,1,7/10/16,114,5.7,28.575,NA,NA,NA,NA,,0,1,6/15/17,454,23,96,NA,28,28,100,heavy fungus infestation,0.5,0,1/16/18,669,29.6,517.7,6/20/18,824,22.2,56,NA,24,24,NA,"Diameter and height drop, and dies at the next time; fungus probably killed it",0,0,46.29500164,499.8715588,1.3913,2837.7,-24.55,NA,1/15/19,1033,NA,NA,NA,NA,NA,NA,dead,1,0,7/18/19,1217,NA,NA,NA,NA,NA,NA,dead (no plant?),1,0,NA,NA,NA,NA,NA,7/18/19,Dead,NA,NA,NA,NA,NA,NA,NA,NA,NA,0,,0.000331771,0.002467735,0.037770263,0.021329777,NA,NA
8,HI,FX,Volcano,8,330,NA,ACKO,HN,NA,NA,3/18/16,0,2.69,42,NA,NA,NA,NA,,0,1,7/10/16,114,3.5,36.83,NA,NA,NA,NA,,0,1,6/15/17,454,5,43,NA,21,20,100,,0,1,1/16/18,669,21.2,498.4,6/20/18,824,13.5,37,NA,2,2,NA,top broken off,0.5,0,NA,NA,NA,NA,NA,NA,1/15/19,1033,14,47,NA,24,20,NA,top broken at last census,0,0,7/18/19,1217,13.6,58,NA,25,22,NA,top broken at previous census,0,0,20.08354449,469.9390179,0.58475,599.87,-29.2,7/18/19,,11.3,3.2,7.6,0,NA,NA,22.1,NA,11.3,0,"No twig or leaf data recorded in initial sheet. Twig and leaf dry mass filled in from average ratios. Not using for allometry, so not filling in wet mass",0.000280671,0.000601358,0.002324664,0.00040246,0.00961857,0.01151011
9,HI,FX,Volcano,1,240,NA,ACKO,LN,NA,NA,11/30/16,0,NA,NA,NA,NA,NA,NA,,0,0,1/12/17,43,6.8,48.768,NA,NA,NA,NA,,0,1,6/15/17,197,21.5,156,NA,98,80,100,,0,1,1/16/18,412,17.1,502.9,6/20/18,567,39.1,260,NA,106,117,NA,,0,1,NA,NA,NA,NA,NA,NA,1/15/19,776,29,295,NA,115,90,NA,"Diameter drops from 39 to 29 mm here, and canopy area also decreases, which is weird, but height increases",0,0,7/18/19,960,55.55,295,NA,108,145,NA,,0,1,14.35218407,485.0962998,0.375,23.83,-29.95,7/18/19,,1025.2,130.8,549.4,101.2,NA,64.6,1871.110303,4187,NA,1,,NA,0.004112904,0.196931454,0.758008759,0.505098031,1.467905195
10,HI,FX,Volcano,2,252,NA,ACKO,LN,NA,NA,7/10/16,0,4,38.1,NA,NA,NA,NA,,0,1,NA,NA,NA,NA,NA,NA,NA,NA,,0,0,6/15/17,340,21.5,130,NA,106,72,100,,0,1,1/16/18,555,22.2,496.1,6/20/18,710,39.5,230,NA,116,122,NA,,0,1,18.97464371,493.7671517,0.39757,85.7,-30.12,NA,1/15/19,919,49,238,NA,165,145,NA,,0,1,7/18/19,1103,57.95,263,NA,125,183,NA,,0,1,21.43393742,485.3353879,0.36942,8.55,-29.32,7/18/19,Aboveground wet weight 6.66 kg,NA,NA,NA,NA,NA,NA,2857.6354,6660,NA,0.5,"0.5 means use for allometry, but estimated total dry agb from total wet agb using power fit dry = 0.3512961*wet^1.02272; This came from regressing log(dry) on log(wet) from the AK trees where we had both; the R^2 was 0.9923, so not worrying about error propagation; did this because we only had wet mass",0.000885147,NA,0.172888186,0.772175993,1.430193733,1.823702545
11,HI,FX,Volcano,3,264,NA,ACKO,LN,NA,NA,3/18/16,0,3.09,31,NA,NA,NA,NA,,0,1,7/10/16,114,7.2,43.18,NA,NA,NA,NA,,0,1,6/15/17,454,50.5,183,NA,110,100,100,black fungus all over,0.5,1,1/16/18,669,19.7,496.1,6/20/18,824,NA,NA,NA,NA,NA,NA,dead,1,0,NA,NA,NA,NA,NA,NA,1/15/19,1033,NA,NA,NA,NA,NA,NA,dead,1,0,7/18/19,1217,NA,NA,NA,NA,NA,NA,dead,1,0,NA,NA,NA,NA,NA,7/18/19,Dead,NA,NA,NA,NA,NA,NA,NA,NA,NA,0,,0.000419266,0.004853009,0.777379787,NA,NA,NA
12,HI,FX,Volcano,4,276,NA,ACKO,LN,NA,NA,5/26/16,0,4.9,33.02,NA,NA,NA,NA,,0,0,7/10/16,45,4.5,31.75,NA,NA,NA,NA,"unhealthy, but fine after this time point, so don’t use the first time point",0.5,0,6/15/17,385,5.5,41,NA,11,10,100,,0,0,1/16/18,600,32.4,503.5,6/20/18,755,8.9,43,NA,30,33,NA,,0,0,23.60220987,501.9217493,1.14229,2142.9,-29.18,NA,1/15/19,964,13,73,NA,38,35,NA,,0,0,7/18/19,1148,17.85,105,NA,51,51,NA,,0,0,24.04164673,489.5295635,0.39209,70.68,-28.32,7/18/19,,35.8,6.4,45.2,0,NA,NA,87.4,216,27.6,1,,0.001592807,0.001244796,0.001103746,0.00812546,0.02175409,0.061445625
13,HI,FX,Volcano,5,288,NA,ACKO,LN,NA,NA,3/18/16,0,2.49,27,NA,NA,NA,NA,,0,1,7/10/16,114,9.4,81.28,NA,NA,NA,NA,,0,1,6/15/17,454,67,217,NA,233,151,100,fence off; black fungus on lower phyllodes,0,1,1/16/18,669,22.1,506,6/20/18,824,98.7,430,NA,360,320,NA,,0,1,14.09469426,492.3372368,0.37619,27.09,-27.18,NA,1/15/19,1033,113,445,NA,310,325,NA,Diameter and height and canopy area taper off,0,0,7/18/19,1217,116.4,415,NA,263,342,NA,Diameter and height and canopy area taper off,0,0,16.86491616,468.6678503,0.38945,63.43,-26.87,7/18/19,Aboveground wet weight 30.0 kg,NA,NA,NA,NA,NA,NA,13319.96153,30000,NA,0.5,"0.5 means use for allometry, but estimated total dry agb from total wet agb using power fit dry = 0.3512961*wet^1.02272; This came from regressing log(dry) on log(wet) from the AK trees where we had both; the R^2 was 0.9923, so not worrying about error propagation; did this because we only had wet mass",0.000224421,0.010500994,2.533985834,13.14287329,14.61759393,13.53240736
14,HI,FX,Volcano,6,300,NA,ACKO,LN,NA,NA,11/30/16,0,7.6,58.42,NA,NA,NA,NA,filled with soil to avoid future flooding 7/10/2016,0,1,NA,NA,NA,NA,NA,NA,NA,NA,,0,0,6/15/17,197,13,86,NA,37,38,100,,0,1,1/16/18,412,20.9,499.3,6/20/18,567,26.3,177,NA,110,110,NA,,0,0,24.22747152,486.1790183,0.63277,732.08,-29.22,NA,1/15/19,776,32,254,NA,95,108,NA,,0,0,7/18/19,960,31.9,265,NA,90,98,NA,Diameter decreased from last time; height barely increased,0,0,21.44464974,487.1701428,0.52932,447.39,-29.08,7/18/19,Aboveground wet weight 0.74 kg,NA,NA,NA,NA,NA,NA,302.05529,740,NA,0.5,"0.5 means use for allometry, but estimated total dry agb from total wet agb using power fit dry = 0.3512961*wet^1.02272; This came from regressing log(dry) on log(wet) from the AK trees where we had both; the R^2 was 0.9923, so not worrying about error propagation; did this because we only had wet mass",0.005675279,NA,0.024937938,0.358669006,0.517349117,0.481585475
15,HI,FX,Volcano,7,312,NA,ACKO,LN,NA,NA,5/26/16,0,3.3,30.48,NA,NA,NA,NA,,0,1,7/10/16,45,4.2,35.56,NA,NA,NA,NA,,0,1,6/15/17,385,28,176,NA,106,68,100,,0,1,1/16/18,600,29.9,495.8,6/20/18,755,46.2,280,NA,100,120,NA,,0,1,21.90971634,477.1936471,0.54273,484.27,-27.96,NA,1/15/19,964,60,292,NA,123,142,NA,,0,1,7/18/19,1148,77.7,310,NA,167,176,NA,,0,1,20.65939677,476.4234161,0.39428,76.67,-28.14,7/18/19,Aboveground wet weight 5.02 kg,NA,NA,NA,NA,NA,NA,2140.16513,5020,NA,0.5,"0.5 means use for allometry, but estimated total dry agb from total wet agb using power fit dry = 0.3512961*wet^1.02272; This came from regressing log(dry) on log(wet) from the AK trees where we had both; the R^2 was 0.9923, so not worrying about error propagation; did this because we only had wet mass",0.000507172,0.001019429,0.279900502,0.9571992,1.718291444,3.401728688
16,HI,FX,Volcano,8,324,NA,ACKO,LN,NA,NA,3/18/16,0,3.02,36,NA,NA,NA,NA,,0,1,7/10/16,114,5.4,41.91,NA,NA,NA,NA,,0,1,6/15/17,454,16,74,NA,68,41,100,black stem,0.5,1,1/16/18,669,30.4,497.1,6/20/18,824,39.5,240,NA,145,143,NA,,0,1,30.2188671,499.180262,0.38814,59.8,-28.69,NA,1/15/19,1033,62,350,NA,185,175,NA,,0,1,7/18/19,1217,85.65,385,NA,228,239,NA,,0,1,17.53408587,483.2604574,0.37067,11.96,-30.33,7/18/19,,2134,1070.4,3076.1,2690.5,NA,28.8,8999.78892,20803,NA,1,,0.000392356,0.002110194,0.045032985,1.005694898,2.941757585,6.453471741
17,HI,FX,Volcano,1,243,NA,ACKO,MN,NA,NA,3/18/16,0,3.55,27,NA,NA,NA,NA,,0,1,7/10/16,114,5.7,49.53,NA,NA,NA,NA,,0,1,6/15/17,454,41,182,NA,119,133,100,black fungus on some leaves,0.5,1,1/16/18,669,13.3,495.8,6/20/18,824,44.3,225,NA,144,118,NA,"Diameter and height rise a bit, but canopy area drops a lot; it looks like the black fungus hit it hard",0,0,13.1753315,478.9947171,0.59985,641.4,-29.18,NA,1/15/19,1033,46,237,NA,135,95,NA,"Diameter and height rise a bit, but canopy area drops a lot; it looks like the black fungus hit it hard",0,0,7/18/19,1217,48.85,255,NA,92,113,NA,"Diameter and height rise a bit, but canopy area drops a lot; it looks like the black fungus hit it hard",0,0,18.74320911,483.3814767,0.67764,855.74,-28.49,7/18/19,Aboveground wet weight 1.9 kg,NA,NA,NA,NA,NA,NA,792.34,1900,NA,0,"Fungal damage and declining growth and small size make it not useful; estimated total dry agb from total wet agb using power fit dry = 0.3512961*wet^1.02272; This came from regressing log(dry) on log(wet) from the AK trees where we had both; the R^2 was 0.9923, so not worrying about error propagation; did this because we only had wet mass",0.000626566,0.002467735,0.74960327,0.984482912,0.894462413,0.885298488
18,HI,FX,Volcano,2,255,NA,ACKO,MN,NA,NA,3/18/16,0,2.34,24,NA,NA,NA,NA,,0,1,7/10/16,114,9.1,72.39,NA,NA,NA,NA,,0,1,6/15/17,454,38,171,NA,126,99,100,"dead; October 2017 notes: dead? Not marked dead on this trip, but was on previous trip; still usable for growth at this time point, though, since it grew at a similar rate from the last measurement",1,1,1/16/18,669,NA,NA,6/20/18,824,NA,NA,NA,NA,NA,NA,dead,1,0,NA,NA,NA,NA,NA,NA,1/15/19,1033,NA,NA,NA,NA,NA,NA,dead,1,0,7/18/19,1217,NA,NA,NA,NA,NA,NA,dead,1,0,NA,NA,NA,NA,NA,7/18/19,Dead,NA,NA,NA,NA,NA,NA,NA,NA,NA,0,,0.000187477,0.00955985,0.565654431,NA,NA,NA
19,HI,FX,Volcano,3,267,NA,ACKO,MN,NA,NA,11/30/16,0,5.6,57.658,NA,NA,NA,NA,,0,1,NA,NA,NA,NA,NA,NA,NA,NA,,0,0,6/15/17,197,24.5,180,NA,88,119,100,,0,1,1/16/18,412,25.3,495.1,6/20/18,567,56.5,360,NA,207,210,NA,,0,1,17.7438752,496.7836074,0.70443,929.6,-29.48,NA,1/15/19,776,88,375,NA,215,220,NA,,0,1,7/18/19,960,105.35,435,NA,228,270,NA,,0,1,24.40241842,490.5423833,0.47236,290.92,-29.45,7/18/19,,3463.2,1148.7,2514.9,2618.1,NA,14.2,9759.218797,23350,NA,1,,0.002344475,NA,0.30328563,3.20373405,6.012474496,9.720265536
20,HI,FX,Volcano,4,279,NA,ACKO,MN,NA,NA,3/18/16,0,3.31,31,NA,NA,NA,NA,,0,1,7/10/16,114,5.1,38.1,NA,NA,NA,NA,,0,1,6/15/17,454,65,306,NA,213,207,100,some black fungus on lower leaves & branches,0.5,1,1/16/18,669,18.1,501.3,6/20/18,824,99.8,520,NA,370,390,NA,,0,1,21.11364812,498.4923567,0.40092,94.9,-29.69,NA,1/15/19,1033,153,605,NA,460,505,NA,,0,1,7/18/19,1217,193.7,640,NA,523,547,NA,,0,1,18.16401115,488.0311308,0.38749,58.07,-28.94,7/18/19,Did not harvest; left alive at Volcano site,NA,NA,NA,NA,NA,NA,NA,NA,NA,0,,0.000511634,0.00178838,3.477963993,17.2555707,43.40455453,68.63395304
21,HI,FX,Volcano,5,291,NA,ACKO,MN,NA,NA,10/19/16,0,6,44.45,NA,NA,NA,NA,,0,1,NA,NA,NA,NA,NA,NA,NA,NA,,0,0,6/15/17,239,15.5,121,NA,72,52,100,"""MN"" kind of looks like ""HN"" on tag",0,1,1/16/18,454,18.4,499.1,6/20/18,609,39.4,208,NA,100,103,NA,,0,0,13.522426,481.3100705,0.9713,1667.84,-28.18,NA,1/15/19,818,42,210,NA,95,92,NA,Diameter and height and canopy area taper off,0,0,7/18/19,1002,45.1,213,NA,92,87,NA,Diameter and height and canopy area taper off,0,0,17.33875464,476.5354056,0.67705,854.12,-30.23,7/18/19,,396,35,123.4,0,NA,NA,554.397561,1284,NA,1,,0.002862774,NA,0.070627523,0.59332373,0.583488556,0.608956256
22,HI,FX,Volcano,6,303,NA,ACKO,MN,NA,NA,3/18/16,0,3.26,33,NA,NA,NA,NA,,0,1,7/10/16,114,11.8,86.36,NA,NA,NA,NA,,0,1,6/15/17,454,37,190,NA,142,133,100,,0,1,1/16/18,669,25.2,515.6,6/20/18,824,83.5,350,NA,237,290,NA,,0,1,16.74254494,485.4308284,0.56025,532.45,-27.77,NA,1/15/19,1033,NA,NA,NA,NA,NA,NA,dead,1,0,7/18/19,1217,86.8,NA,NA,NA,NA,NA,no green,1,0,NA,NA,NA,NA,NA,7/18/19,,NA,NA,NA,NA,NA,NA,NA,NA,NA,0,,0.000489579,0.020282273,0.756357682,6.808209957,NA,NA
23,HI,FX,Volcano,7,315,NA,ACKO,MN,NA,NA,3/18/16,0,2.96,29,NA,NA,NA,NA,,0,1,7/10/16,114,4.5,36.83,NA,NA,NA,NA,,0,1,6/15/17,454,37,195,NA,160,131,100,,0,1,1/16/18,669,22.5,509.9,6/20/18,824,69.3,370,NA,260,298,NA,,0,1,17.49975686,495.3198904,0.47405,295.5,-29.88,NA,1/15/19,1033,79,365,NA,295,254,NA,"Height plateaus, but diameter still going up",0,1,7/18/19,1217,97.15,370,NA,257,305,NA,,0,1,22.82425854,482.2475524,0.42979,174.05,-29.14,7/18/19,Aboveground wet weight 23.18 kg,NA,NA,NA,NA,NA,NA,10231.76664,23180,NA,0.5,"0.5 means use for allometry, but estimated total dry agb from total wet agb using power fit dry = 0.3512961*wet^1.02272; This came from regressing log(dry) on log(wet) from the AK trees where we had both; the R^2 was 0.9923, so not worrying about error propagation; did this because we only had wet mass",0.000370212,0.001244796,0.820186101,6.02109765,6.882919974,9.234980174
24,HI,FX,Volcano,8,327,NA,ACKO,MN,NA,NA,5/26/16,0,4.1,36.195,NA,NA,NA,NA,,0,1,7/10/16,45,4.6,36.195,NA,NA,NA,NA,unhealthy,0.5,1,6/15/17,385,27,188,NA,101,91,100,,0,1,1/16/18,600,32.7,482.4,6/20/18,755,42.8,300,NA,144,135,NA,,0,1,31.89531213,482.3201709,0.83799,1298.6,-29.15,NA,1/15/19,964,59,326,NA,178,170,NA,,0,1,7/18/19,1148,74.7,340,NA,237,242,NA,,0,1,21.7348004,484.1416012,0.53662,467.47,-28.42,7/18/19,,1537.5,277.3,1182.4,730.4,NA,43.1,3770.638874,9281,NA,1,,0.000950737,0.001326574,0.324237957,1.22666749,2.537068431,5.200960245
25,HI,FX,Volcano,1,249,NA,ACKO,PHN,NA,NA,3/18/16,0,2.87,29,NA,NA,NA,NA,,0,1,7/10/16,114,8.3,58.42,NA,NA,NA,NA,,0,1,6/15/17,454,32.5,144,NA,67,90,100,"dead; usable for growth rate, though, given that growth was consisten from the last time; must have died right before this measurement",1,1,1/16/18,669,NA,NA,6/20/18,824,NA,NA,NA,NA,NA,NA,dead,1,0,NA,NA,NA,NA,NA,NA,1/15/19,1033,NA,NA,NA,NA,NA,NA,dead,1,0,7/18/19,1217,NA,NA,NA,NA,NA,NA,dead,1,0,NA,NA,NA,NA,NA,7/18/19,Dead,NA,NA,NA,NA,NA,NA,NA,NA,NA,0,Dead,0.000338556,0.0073242,0.266132186,NA,NA,NA
26,HI,FX,Volcano,2,261,NA,ACKO,PHN,NA,NA,3/18/16,0,3.36,19,NA,NA,NA,NA,,0,1,7/10/16,114,10.8,68.58,NA,NA,NA,NA,,0,1,6/15/17,454,82.5,174,NA,140,199,100,black fungus on lower leaves and stem,0.5,1,1/16/18,669,27.8,506.5,6/20/18,824,116.5,350,NA,307,307,NA,,0,1,16.5422373,495.214623,0.65841,802.7,-28.91,NA,1/15/19,1033,NA,NA,NA,NA,NA,NA,dead,1,0,7/18/19,1217,123.2,NA,NA,NA,NA,NA,no green,1,0,NA,NA,NA,NA,NA,7/18/19,,NA,NA,NA,NA,NA,NA,NA,NA,NA,0,,0.00053433,0.015695774,2.474755378,12.54371427,NA,NA
27,HI,FX,Volcano,3,273,NA,ACKO,PHN,NA,NA,3/18/16,0,2.69,31,NA,NA,NA,NA,,0,1,7/10/16,114,5.6,29.21,NA,NA,NA,NA,,0,1,6/15/17,454,62.5,260,NA,195,187,100,black fungus on lower leaves,0.5,1,1/16/18,669,22.6,506.6,6/20/18,824,126.4,550,NA,407,420,NA,,0,1,15.85642002,492.4615052,0.61861,693.1,-29.87,NA,1/15/19,1033,145,485,NA,425,470,NA,"height drops from last time point, but other size metrics increase",0,1,7/18/19,1217,164.35,530,NA,502,455,NA,,0,1,21.01866666,480.6390832,0.45592,245.77,-28.66,7/18/19,,10841.6,4314,10331.7,29304.4,NA,728,55519.6933,111410,NA,1,,0.000280671,0.002344475,2.659245647,26.64522532,32.20618512,43.23959152
28,HI,FX,Volcano,4,285,NA,ACKO,PHN,NA,NA,3/18/16,0,3.19,29,NA,NA,NA,NA,,0,1,7/10/16,114,10.6,88.9,NA,NA,NA,NA,,0,1,6/15/17,454,89.5,355,NA,227,206,100,black fungus on lower leaves and branches,0.5,1,1/16/18,669,16.2,495.5,6/20/18,824,123.7,520,NA,288,260,NA,,0,1,21.45661983,486.7023483,0.56515,545.92,-30.37,NA,1/15/19,1033,122.8006515,540,NA,310,350,NA,diam is geometric mean of 104 and 145 mm,0,1,7/18/19,1217,151.6,530,NA,335,370,NA,,0,1,27.14653139,487.9264205,0.4081,114.57,-28,7/18/19,Aboveground wet weight 63.06 kg,NA,NA,NA,NA,NA,NA,28475.08589,63060,NA,0.5,"0.5 means use for allometry, but estimated total dry agb from total wet agb using power fit dry = 0.3512961*wet^1.02272; This came from regressing log(dry) on log(wet) from the AK trees where we had both; the R^2 was 0.9923, so not worrying about error propagation; did this because we only had wet mass",0.000459762,0.014869009,5.892283101,14.98553571,19.15020612,26.73014228
29,HI,FX,Volcano,5,297,NA,ACKO,PHN,NA,NA,3/18/16,0,2.39,29,NA,NA,NA,NA,,0,1,7/10/16,114,9,64.77,NA,NA,NA,NA,,0,1,6/15/17,454,66,248,NA,193,181,100,"black fungus, mostly on lower leaves and branches",0.5,1,1/16/18,669,17.5,501.5,6/20/18,824,87.1,320,NA,284,220,NA,"looks like the fungus affected size growth, and it died right after this",0,1,21.18374105,506.2961261,0.48533,326.52,-26.8,NA,1/15/19,1033,NA,NA,NA,NA,NA,NA,dead,1,0,7/18/19,1217,88,NA,NA,NA,NA,NA,no green,1,0,NA,NA,NA,NA,NA,7/18/19,,NA,NA,NA,NA,NA,NA,NA,NA,NA,0,,0.00019931,0.009258885,2.690548329,6.395276723,NA,NA
30,HI,FX,Volcano,6,309,NA,ACKO,PHN,NA,NA,3/18/16,0,2.42,23,NA,NA,NA,NA,,0,1,7/10/16,114,4.2,28.575,NA,NA,NA,NA,,0,1,6/15/17,454,10.5,58,NA,35,17,100,,0,1,1/16/18,669,29.6,490.9,6/20/18,824,26,163,NA,113,130,NA,,0,1,22.27768282,486.4970421,0.95333,1618,-28.56,NA,1/15/19,1033,37,195,NA,120,114,NA,,0,1,7/18/19,1217,43.4,211,NA,183,164,NA,,0,1,21.90063031,480.6896185,0.55941,530.15,-28.43,7/18/19,Average wet:dry ratio for ACKO used for main stem dry weight,363.7,190,398.8,133.1,NA,13.8,1099.399954,2543,NA,1,,0.000206639,0.001019429,0.008759636,0.379006935,0.628897941,1.313739848
31,HI,FX,Volcano,7,321,NA,ACKO,PHN,NA,NA,3/18/16,0,2.91,23,NA,NA,NA,NA,,0,1,7/10/16,114,5.6,38.1,NA,NA,NA,NA,,0,1,6/15/17,454,45,205,NA,151,127,100,,0,1,1/16/18,669,41.1,485.9,6/20/18,824,71.3,330,NA,256,263,NA,,0,1,22.90240292,484.1511876,0.64309,760.5,-27.47,NA,1/15/19,1033,84,380,NA,250,270,NA,,0,1,7/18/19,1217,95.3,390,NA,295,307,NA,,0,1,11.26414664,482.1496782,0.56082,534.02,-27.59,7/18/19,,2685.9,436.3,1813.6,4298.2,NA,415.8,9649.720351,19224,NA,1,,0.000352397,0.002344475,1.021455001,5.323157329,7.138522111,10.19325244
32,HI,FX,Volcano,8,333,NA,ACKO,PHN,NA,NA,5/26/16,0,3.8,36.195,NA,NA,NA,NA,,0,1,7/10/16,45,4.4,39.37,NA,NA,NA,NA,,0,1,6/15/17,385,25,168,NA,72,55,100,mostly dead; October 2017 notes: dead,0.5,1,1/16/18,600,NA,NA,6/20/18,755,NA,NA,NA,NA,NA,NA,dead,1,0,NA,NA,NA,NA,NA,NA,1/15/19,964,NA,NA,NA,NA,NA,NA,dead,1,0,7/18/19,1148,NA,NA,NA,NA,NA,NA,dead,1,0,NA,NA,NA,NA,NA,7/18/19,,NA,NA,NA,NA,NA,NA,NA,NA,NA,0,,0.000763004,0.001166391,0.162655053,NA,NA,NA
33,HI,FX,Volcano,1,247,NA,DOVI,HN,NA,NA,3/18/16,0,1.35,4,NA,NA,NA,NA,,0,1,7/10/16,114,3.4,14.605,NA,NA,NA,NA,,0,1,6/15/17,454,35.5,155,NA,144,149,100,fence off,0,1,1/16/18,669,31.1,493.3,6/20/18,824,61,203,NA,214,150,NA,,0,1,27.51598387,507.6505121,0.62738,717.2,-26.05,3750.61,1/15/19,1033,69.9642766,232,NA,310,190,NA,diam is geometric mean of 89 and 55 mm,0,1,7/18/19,1217,89.5,270,NA,322,296,NA,,0,1,29.00970546,488.2590943,0.45081,231.73,-24.96,7/18/19,,2690.4,750,1226.6,0,NA,NA,4666.970303,9051,NA,1,,1.22E-05,0.000358157,1.147566106,2.833616301,4.778370616,8.530828559
34,HI,FX,Volcano,2,259,NA,DOVI,HN,NA,NA,3/18/16,0,1.2,5,NA,NA,NA,NA,,0,1,7/10/16,114,3.4,11.43,NA,NA,NA,NA,,0,1,6/15/17,454,29,157,NA,117,95,100,fence off,0,1,1/16/18,669,24.8,498.8,6/20/18,824,48.6,275,NA,180,166,NA,,0,1,24.0293537,497.0734413,1.18268,2255.4,-25.79,5366.45,1/15/19,1033,54,322,NA,228,230,NA,,0,1,7/18/19,1217,64.7,320,NA,276,283,NA,,0,1,22.08119516,493.8273554,0.57252,566.21,-23.86,7/18/19,Aboveground wet weight 14.08 kg,NA,NA,NA,NA,NA,NA,7423.90114,14080,NA,0.5,"0.5 means use for allometry, but estimated total dry agb from total wet agb using power fit dry = 0.6197853*wet^0.98308; This came from regressing log(dry) on log(wet) from the DV trees where we had both; the R^2 was 0.9978, so not worrying about error propagation; did this because we only had wet mass",1.21E-05,0.000275202,0.668491087,2.526723302,4.080984505,6.016374373
35,HI,FX,Volcano,3,271,NA,DOVI,HN,NA,NA,3/18/16,0,1.39,7,NA,NA,NA,NA,,0,1,7/10/16,114,2.3,10.16,NA,NA,NA,NA,,0,1,6/15/17,454,37.5,174,NA,110,112,100,,0,1,1/16/18,669,18.7,474.7,6/20/18,824,78.2,320,NA,253,240,NA,,0,1,17.75581767,480.6908976,0.68927,887.8,-25.66,1974.12,1/15/19,1033,NA,NA,NA,NA,NA,NA,dead,1,0,7/18/19,1217,68.3,NA,NA,NA,NA,NA,no green,1,0,NA,NA,NA,NA,NA,7/18/19,,NA,NA,NA,NA,NA,NA,NA,NA,NA,0,,2.38E-05,0.000104655,0.968456034,6.423646773,NA,NA
36,HI,FX,Volcano,4,283,NA,DOVI,HN,NA,NA,6/28/16,0,NA,NA,NA,NA,NA,NA,pig damage for tree that was replaced,0,0,7/10/16,12,1.6,3.175,NA,NA,NA,NA,,0,1,6/15/17,352,25.5,113,NA,102,94,100,,0,1,1/16/18,567,21.7,486.6,6/20/18,722,58.5,218,NA,235,270,NA,,0,1,19.39554813,465.9327927,1.00708,1767.11,-25.19,2109.74,1/15/19,931,65,260,NA,275,290,NA,,0,1,7/18/19,1115,64.9,246,NA,283,302,NA,"decreased in height, but diameter and canopy area increased slightly",0,1,20.32326373,479.1365341,0.72903,997.52,-25.99,7/18/19,Aboveground wet weight 10.74 kg,NA,NA,NA,NA,NA,NA,5688.84453,10740,NA,0.5,"0.5 means use for allometry, but estimated total dry agb from total wet agb using power fit dry = 0.6197853*wet^0.98308; This came from regressing log(dry) on log(wet) from the DV trees where we had both; the R^2 was 0.9978, so not worrying about error propagation; did this because we only had wet mass",NA,1.37E-05,0.458109852,3.999042217,5.49059893,5.521198817
37,HI,FX,Volcano,5,295,NA,DOVI,HN,NA,NA,3/18/16,0,1.19,8,NA,NA,NA,NA,,0,1,7/10/16,114,3.1,19.685,NA,NA,NA,NA,,0,1,6/15/17,454,14,55,NA,19,20,100,"dead; usable for growth rate, though, given that growth was consistent from the last time; must have died right before this measurement",1,1,1/16/18,669,NA,NA,6/20/18,824,NA,NA,NA,NA,NA,NA,dead,1,0,NA,NA,NA,NA,NA,NA,1/15/19,1033,NA,NA,NA,NA,NA,NA,dead,1,0,7/18/19,1217,NA,NA,NA,NA,NA,NA,dead,1,0,NA,NA,NA,NA,NA,7/18/19,Dead,NA,NA,NA,NA,NA,NA,NA,NA,NA,0,,1.96E-05,0.000404734,0.032343932,NA,NA,NA
38,HI,FX,Volcano,6,307,NA,DOVI,HN,NA,NA,3/18/16,0,1.05,3,NA,NA,NA,NA,,0,0,7/10/16,114,1,2.54,NA,NA,NA,NA,,0,1,6/15/17,454,2.5,19,NA,6,5,100,,0,1,1/16/18,669,22.5,496.8,6/20/18,824,9.5,80,NA,28,26,NA,,0,1,25.45080562,527.0095313,2.50026,5975.1,-25.85,4338.25,1/15/19,1033,18,120,NA,50,55,NA,,0,1,7/18/19,1217,21.75,145,NA,72,59,NA,,0,1,21.47087625,500.9864133,0.7575,1076.1,-24.27,7/18/19,,110.5,69.2,98.9,0,NA,NA,278.5687598,490,NA,1,,5.23E-06,3.94E-06,0.000858407,0.036774365,0.173503825,0.290755039
39,HI,FX,Volcano,7,319,NA,DOVI,HN,NA,NA,3/18/16,0,1.12,5,NA,NA,NA,NA,,0,1,7/10/16,114,4,29.21,NA,NA,NA,NA,,0,1,6/15/17,454,35,133,NA,132,132,100,fence off; fence was affecting growth,0,1,1/16/18,669,19.2,501.4,6/20/18,824,54,230,NA,233,265,NA,,0,1,23.31599831,488.2267935,0.88763,1435.97,-24.25,2215.87,1/15/19,1033,75.57777451,260,NA,310,285,NA,diam is geometric mean of 84 and 68 mm,0,1,7/18/19,1217,91.7,310,NA,322,373,NA,,0,1,20.33862753,476.9865803,0.53567,464.86,-25.4,7/18/19,,7510.9,3658.8,3266.4,0,NA,NA,14436.08,28742,NA,1,,1.04E-05,0.001069936,0.93895828,3.732896389,6.760242717,10.57936797
40,HI,FX,Volcano,8,331,NA,DOVI,HN,NA,NA,3/18/16,0,1.18,4,NA,NA,NA,NA,,0,1,7/10/16,114,2.1,12.7,NA,NA,NA,NA,,0,1,6/15/17,454,12.5,64,NA,53,42,100,,0,1,1/16/18,669,17.9,483.6,6/20/18,824,28.4,144,NA,120,116,NA,,0,1,18.72813023,491.8254096,1.3859,2822.6,-25.25,3611.45,1/15/19,1033,40,179,NA,164,133,NA,,0,1,7/18/19,1217,48.65,205,NA,184,179,NA,,0,1,16.24898666,489.5727967,0.71493,958.6,-23.81,7/18/19,Aboveground wet weight 4.68 kg,NA,NA,NA,NA,NA,NA,2514.03422,4680,NA,0.5,"0.5 means use for allometry, but estimated total dry agb from total wet agb using power fit dry = 0.6197853*wet^0.98308; This came from regressing log(dry) on log(wet) from the DV trees where we had both; the R^2 was 0.9978, so not worrying about error propagation; did this because we only had wet mass",9.15E-06,0.000109394,0.077330164,0.702653041,1.409404901,2.286113201
41,HI,FX,Volcano,1,241,NA,DOVI,LN,NA,NA,3/18/16,0,1.5,6,NA,NA,NA,NA,,0,1,7/10/16,114,1.4,5.08,NA,NA,NA,NA,,0,1,6/15/17,454,27.5,176,NA,119,83,100,,0,1,1/16/18,669,14.1,469.4,6/20/18,824,44.7,320,NA,180,200,NA,,0,1,NA,NA,NA,NA,NA,1825.47,1/15/19,1033,72,300,NA,190,205,NA,,0,1,7/18/19,1217,60.9,315,NA,144,177,NA,diameter and canopy area both decrease substantially at this last time point; height stays the same,0,0,20.16077589,482.9006182,0.53445,461.51,-26.4,7/18/19,,2338.6,476.7,368.5,0,NA,NA,3183.768419,5189,NA,1,,2.37E-05,1.71E-05,0.481854758,2.805025601,5.087630342,3.286542117
42,HI,FX,Volcano,2,253,NA,DOVI,LN,NA,NA,3/18/16,0,0.8,2,NA,NA,NA,NA,,0,1,7/10/16,114,1.9,10.16,NA,NA,NA,NA,,0,1,6/15/17,454,14,79,NA,42,36,100,,0,1,1/16/18,669,15.2,490.9,6/20/18,824,31.2,96,NA,94,103,NA,,0,1,14.5039183,476.997314,0.53911,474.3,-29.63,1914.54,1/15/19,1033,51,268,NA,175,170,NA,,0,1,7/18/19,1217,70,330,NA,204,237,NA,,0,1,20.6650376,487.0625925,0.40776,113.64,-27.66,7/18/19,,3492.7,1622.9,2355.8,0,NA,NA,7471.435152,14518,NA,1,,1.88E-06,6.94E-05,0.040408574,0.382889814,2.630625045,5.952387223
43,HI,FX,Volcano,3,265,NA,DOVI,LN,NA,NA,3/18/16,0,1.37,5,NA,NA,NA,NA,,0,1,7/10/16,114,3.5,20.955,NA,NA,NA,NA,,0,1,6/15/17,454,27,114,NA,111,98,100,fence off,0,1,1/16/18,669,23.1,474.7,6/20/18,824,81,220,NA,214,237,NA,,0,1,28.15660483,489.9814905,0.59627,631.6,-23.71,1149.35,1/15/19,1033,55.09990926,215,NA,240,275,NA,diam is geometric mean of 66 and 46 cm; diameter drops from previous time point; height does slightly; canopy area increases a little,0,0,7/18/19,1217,64.6,218,NA,236,273,NA,size stays about the same from previous time point,0,0,19.10951432,487.7614018,0.47142,288.32,-25.3,7/18/19,Aboveground wet weight 7.2 kg,NA,NA,NA,NA,NA,NA,3839.6491,7200,NA,0.5,"0.5 means use for allometry, but estimated total dry agb from total wet agb using power fit dry = 0.6197853*wet^0.98308; This came from regressing log(dry) on log(wet) from the DV trees where we had both; the R^2 was 0.9978, so not worrying about error propagation; did this because we only had wet mass",1.60E-05,0.000561895,0.38269236,5.71654298,4.125157196,4.98560443
44,HI,FX,Volcano,4,277,NA,DOVI,LN,NA,NA,3/18/16,0,1.33,4,NA,NA,NA,NA,,0,1,7/10/16,114,2.9,11.43,NA,NA,NA,NA,,0,1,6/15/17,454,16.5,60,NA,21,18,100,unhealthy; October 2017 notes: dead,0.5,1,1/16/18,669,NA,NA,6/20/18,824,NA,NA,NA,NA,NA,NA,dead,1,0,NA,NA,NA,NA,NA,NA,1/15/19,1033,NA,NA,NA,NA,NA,NA,dead,1,0,7/18/19,1217,NA,NA,NA,NA,NA,NA,dead,1,0,NA,NA,NA,NA,NA,7/18/19,Dead,NA,NA,NA,NA,NA,NA,NA,NA,NA,0,,1.18E-05,0.000195501,0.017795265,NA,NA,NA
45,HI,FX,Volcano,5,289,NA,DOVI,LN,NA,NA,3/18/16,0,0.9,4,NA,NA,NA,NA,,0,1,7/10/16,114,3.6,22.86,NA,NA,NA,NA,,0,1,6/15/17,454,37,127,NA,125,125,100,fence off; fence was affecting growth,0,1,1/16/18,669,NA,NA,6/20/18,824,NA,NA,NA,NA,NA,NA,dead,1,0,NA,NA,NA,NA,NA,NA,1/15/19,1033,NA,NA,NA,NA,NA,NA,dead,1,0,7/18/19,1217,NA,NA,NA,NA,NA,NA,dead,1,0,NA,NA,NA,NA,NA,7/18/19,Dead,NA,NA,NA,NA,NA,NA,NA,NA,NA,0,,5.11E-06,0.000655499,0.753153839,NA,NA,NA
46,HI,FX,Volcano,6,301,NA,DOVI,LN,NA,NA,3/18/16,0,1.44,6,NA,NA,NA,NA,,0,1,7/10/16,114,4.9,30.48,NA,NA,NA,NA,,0,1,6/15/17,454,50.5,198,NA,173,180,100,fence off; fence was affecting growth,0,1,1/16/18,669,21.5,489.3,6/20/18,824,81,330,NA,275,310,NA,,0,1,23.19562899,481.4402062,0.5082,389.35,-25.46,461.63,1/15/19,1033,96,322,NA,310,275,NA,,0,1,7/18/19,1217,100.8,310,NA,303,337,NA,"Mostly dead branches, a few green branches; diameter still increasing, though",0,1,24.25179611,494.5209996,0.41979,146.63,-26,7/18/19,Aboveground wet weight 27.24 kg,NA,NA,NA,NA,NA,NA,14203.19592,27240,NA,0.5,"0.5 means use for allometry, but estimated total dry agb from total wet agb using power fit dry = 0.6197853*wet^0.98308; This came from regressing log(dry) on log(wet) from the DV trees where we had both; the R^2 was 0.9978, so not worrying about error propagation; did this because we only had wet mass",2.17E-05,0.00173256,2.218700833,10.09869784,12.26064161,14.2124619
47,HI,FX,Volcano,7,313,NA,DOVI,LN,NA,NA,3/18/16,0,1.49,5,NA,NA,NA,NA,,0,0,7/10/16,114,1.6,6.35,NA,NA,NA,NA,,0,0,6/15/17,454,4,34,NA,11,9,100,,0,0,1/16/18,669,22.6,467.5,6/20/18,824,6.2,59,NA,19,16,NA,,0,0,25.85383896,467.4124386,2.02853,4631.8,-28.32,1337.01,1/15/19,1033,8,78,NA,32,33,NA,,0,0,7/18/19,1217,9.05,91,NA,32,31,NA,,0,0,13.28423474,458.5256492,1.47794,3080.28,-28.33,7/18/19,Aboveground wet weight 0.032 kg,NA,NA,NA,NA,NA,NA,18.70328,32,NA,0.5,"0.5 means use for allometry, but estimated total dry agb from total wet agb using power fit dry = 0.6197853*wet^0.98308; This came from regressing log(dry) on log(wet) from the DV trees where we had both; the R^2 was 0.9978, so not worrying about error propagation; did this because we only had wet mass",1.92E-05,2.89E-05,0.000961841,0.004617909,0.016145373,0.019881429
48,HI,FX,Volcano,8,325,NA,DOVI,LN,NA,NA,11/10/16,0,1,5.588,NA,NA,NA,NA,,0,1,NA,NA,NA,NA,NA,NA,NA,NA,,0,0,6/15/17,217,5,56,NA,11,10,100,,0,1,1/16/18,432,22,476.5,6/20/18,587,16.2,163,NA,65,63,NA,,0,1,17.73148369,486.5479946,1.20302,2312,-28.03,2051.89,1/15/19,796,20,199,NA,70,58,NA,,0,1,7/18/19,980,20.85,230,NA,63,64,NA,,0,1,10.40128928,469.686037,0.78088,1140.7,-28.59,7/18/19,,152.4,39.5,72.6,0,NA,NA,264.4625,505,NA,1,,9.19E-06,NA,0.001835994,0.139410799,0.203214565,0.232830505
49,HI,FX,Volcano,1,244,NA,DOVI,MN,NA,NA,3/18/16,0,1.63,4,NA,NA,NA,NA,,0,1,7/10/16,114,4.3,21.59,NA,NA,NA,NA,,0,1,6/15/17,454,47,117,NA,138,157,100,fence off,0,1,1/16/18,669,17.7,492.1,6/20/18,824,94,275,NA,280,320,NA,,0,1,15.35252104,500.2155888,0.54328,485.8,-27.66,2077.15,1/15/19,1033,91,290,NA,332,380,NA,,0,1,7/18/19,1217,123.95,325,NA,419,380,NA,,0,1,18.64722785,498.5675527,0.50094,369.4,-26.64,7/18/19,Aboveground wet weight 39.8 kg,NA,NA,NA,NA,NA,NA,20619.35319,39800,NA,0.5,"0.5 means use for allometry, but estimated total dry agb from total wet agb using power fit dry = 0.6197853*wet^0.98308; This came from regressing log(dry) on log(wet) from the DV trees where we had both; the R^2 was 0.9978, so not worrying about error propagation; did this because we only had wet mass",1.83E-05,0.000903176,0.968539908,8.368448106,10.16683078,17.94755981
50,HI,FX,Volcano,2,256,NA,DOVI,MN,NA,NA,3/18/16,0,1.05,4,NA,NA,NA,NA,,0,1,7/10/16,114,2.1,10.16,NA,NA,NA,NA,,0,1,6/15/17,454,24.5,86,NA,79,83,100,,0,1,1/16/18,669,15.7,487.5,6/20/18,824,51.3,185,NA,164,173,NA,,0,1,16.99151623,503.0900355,0.70493,931,-27.52,2916.05,1/15/19,1033,56,202,NA,190,212,NA,,0,1,7/18/19,1217,65.85,211,NA,233,242,NA,,0,1,19.26658049,494.2667308,0.59234,620.75,-25.76,7/18/19,Aboveground wet weight 6.2 kg,NA,NA,NA,NA,NA,NA,3314.74253,6200,NA,0.5,"0.5 means use for allometry, but estimated total dry agb from total wet agb using power fit dry = 0.6197853*wet^0.98308; This came from regressing log(dry) on log(wet) from the DV trees where we had both; the R^2 was 0.9978, so not worrying about error propagation; did this because we only had wet mass",7.12E-06,8.61E-05,0.185445024,1.648649424,2.366670804,3.583083369
51,HI,FX,Volcano,3,268,NA,DOVI,MN,NA,NA,3/18/16,0,0.88,3,NA,NA,NA,NA,,0,1,7/10/16,114,1.4,6.35,NA,NA,NA,NA,,0,1,6/15/17,454,33,168,NA,106,97,100,"Main stem broken day after fence removal, height 150 cm after stem broken",0.5,1,1/16/18,669,19.5,460.7,6/20/18,824,78.3,310,NA,207,210,NA,,0,1,20.80062955,480.5001637,0.69026,890.5,-27.47,1722.94,1/15/19,1033,97,380,NA,330,290,NA,,0,1,7/18/19,1217,132.95,355,NA,339,325,NA,,0,1,20.12552959,466.7992792,0.51321,403.13,-27.39,7/18/19,Aboveground wet weight 31.66 kg,NA,NA,NA,NA,NA,NA,16465.86955,31660,NA,0.5,"0.5 means use for allometry, but estimated total dry agb from total wet agb using power fit dry = 0.6197853*wet^0.98308; This came from regressing log(dry) on log(wet) from the DV trees where we had both; the R^2 was 0.9978, so not worrying about error propagation; did this because we only had wet mass",3.58E-06,2.17E-05,0.509365914,4.7286294,10.92224872,16.52931241
52,HI,FX,Volcano,4,280,NA,DOVI,MN,NA,NA,3/18/16,0,1.59,4,NA,NA,NA,NA,,0,1,7/10/16,114,2.7,20.32,NA,NA,NA,NA,,0,1,6/15/17,454,32,179,NA,226,249,100,,0,1,1/16/18,669,15.7,482.9,6/20/18,824,53,270,NA,320,330,NA,,0,1,21.88618203,492.5037502,0.70997,944.9,-27.93,1780.28,1/15/19,1033,64,283,NA,360,330,NA,,0,1,7/18/19,1217,66.55,290,NA,347,410,NA,,0,1,26.32100967,496.5344857,0.55514,518.4,-26.67,7/18/19,Aboveground wet weight 14.8 kg,NA,NA,NA,NA,NA,NA,7796.94873,14800,NA,0.5,"0.5 means use for allometry, but estimated total dry agb from total wet agb using power fit dry = 0.6197853*wet^0.98308; This came from regressing log(dry) on log(wet) from the DV trees where we had both; the R^2 was 0.9978, so not worrying about error propagation; did this because we only had wet mass",1.74E-05,0.000311182,1.388060306,4.642853697,6.389272564,7.547797779
53,HI,FX,Volcano,5,292,NA,DOVI,MN,NA,NA,1/12/17,0,0.8,3.81,NA,NA,NA,NA,,0,0,NA,NA,NA,NA,NA,NA,NA,NA,,0,0,6/15/17,154,7,60,NA,20,18,100,,0,0,1/16/18,369,16.6,491.6,6/20/18,524,13.7,145,NA,52,52,NA,,0,0,17.00379869,509.337124,1.31103,2613.35,-24.08,1165.07,1/15/19,733,16,144,NA,35,38,NA,"almost surely dead, but fertilized; no green at all; We took last green leaf; took measurements, but now dead",1,0,7/18/19,917,NA,NA,NA,NA,NA,NA,dead (no plant?),1,0,NA,NA,NA,NA,NA,7/18/19,,NA,NA,NA,NA,NA,NA,NA,NA,NA,0,,3.77E-06,NA,0.006202475,0.075474642,0.059416194,NA
54,HI,FX,Volcano,6,304,NA,DOVI,MN,NA,NA,1/12/17,0,0.6,3.302,NA,NA,NA,NA,filled with soil to avoid future flooding 6/28/2016,0,1,NA,NA,NA,NA,NA,NA,NA,NA,,0,0,6/15/17,154,6.5,53,NA,39,24,100,,0,1,1/16/18,369,17,492.8,6/20/18,524,31.5,192,NA,125,144,NA,,0,1,24.87684118,479.0274413,0.83494,1290.15,-24.82,950.1,1/15/19,733,53,240,NA,185,233,NA,,0,1,7/18/19,917,51.45,300,NA,240,260,NA,"Diameter decreased, but height and canopy area increased",0,1,17.53204438,486.571221,0.59536,629.06,-25.95,7/18/19,Aboveground wet weight 5.62 kg,NA,NA,NA,NA,NA,NA,3009.65237,5620,NA,0.5,"0.5 means use for allometry, but estimated total dry agb from total wet agb using power fit dry = 0.6197853*wet^0.98308; This came from regressing log(dry) on log(wet) from the DV trees where we had both; the R^2 was 0.9978, so not worrying about error propagation; did this because we only had wet mass",1.74E-06,NA,0.009276206,0.725533885,2.555094866,3.499082388
55,HI,FX,Volcano,7,316,NA,DOVI,MN,NA,NA,3/18/16,0,1.03,4,NA,NA,NA,NA,,0,1,7/10/16,114,1,4.445,NA,NA,NA,NA,,0,1,6/15/17,454,13,80,NA,63,53,100,,0,1,1/16/18,669,18.1,490.9,6/20/18,824,NA,NA,NA,NA,NA,NA,dead,1,0,NA,NA,NA,NA,NA,NA,1/15/19,1033,NA,NA,NA,NA,NA,NA,dead,1,0,7/18/19,1217,17.4,NA,NA,NA,NA,NA,dead,1,0,NA,NA,NA,NA,NA,7/18/19,Dead,NA,NA,NA,NA,NA,NA,NA,NA,NA,0,,6.83E-06,7.18E-06,0.056595097,NA,NA,NA
56,HI,FX,Volcano,8,328,NA,DOVI,MN,NA,NA,5/26/16,0,NA,NA,NA,NA,NA,NA,,0,0,7/10/16,45,1.5,6.35,NA,NA,NA,NA,no diameter growth,0,0,6/15/17,385,1.5,13,NA,5,4,100,,0,0,1/16/18,600,25.8,476.5,6/20/18,755,6.4,50,NA,26,25,NA,,0,0,22.28418723,506.2928505,3.66774,9356,-28.37,3160.99,1/15/19,964,11,94,NA,44,46,NA,,0,0,7/18/19,1148,13.6,122,NA,49,51,NA,,0,0,25.15022144,493.4216977,0.90978,1497.31,-28.97,7/18/19,Aboveground wet weight 0.12 kg,NA,NA,NA,NA,NA,NA,68.58578,120,NA,0.5,"0.5 means use for allometry, but estimated total dry agb from total wet agb using power fit dry = 0.6197853*wet^0.98308; This came from regressing log(dry) on log(wet) from the DV trees where we had both; the R^2 was 0.9978, so not worrying about error propagation; did this because we only had wet mass",NA,2.52E-05,7.47E-05,0.007099641,0.038061206,0.064519808
57,HI,FX,Volcano,1,250,NA,DOVI,PHN,NA,NA,3/18/16,0,0.98,4,NA,NA,NA,NA,,0,1,7/10/16,114,1.9,5.715,NA,NA,NA,NA,,0,1,6/15/17,454,18.5,82,NA,73,66,100,,0,1,1/16/18,669,22.9,496.6,6/20/18,824,51.5,183,NA,197,183,NA,,0,1,22.66636301,494.8392768,1.02559,1818.5,-25.3,3431.74,1/15/19,1033,53,220,NA,275,265,NA,,0,1,7/18/19,1217,70.35,250,NA,320,345,NA,,0,1,18.67600788,476.7858192,0.61235,675.83,-24.13,7/18/19,Aboveground wet weight 26.82 kg,NA,NA,NA,NA,NA,NA,13987.88194,26820,NA,0.5,"0.5 means use for allometry, but estimated total dry agb from total wet agb using power fit dry = 0.6197853*wet^0.98308; This came from regressing log(dry) on log(wet) from the DV trees where we had both; the R^2 was 0.9978, so not worrying about error propagation; did this because we only had wet mass",6.14E-06,3.74E-05,0.057093458,2.791808252,5.946886252,14.44561294
58,HI,FX,Volcano,2,262,NA,DOVI,PHN,NA,NA,3/18/16,0,1.3,7,NA,NA,NA,NA,,0,1,7/10/16,114,2.7,13.97,NA,NA,NA,NA,,0,1,6/15/17,454,32.5,134,NA,129,117,100,fence off,0,1,1/16/18,669,21.3,477.7,6/20/18,824,53,215,NA,240,236,NA,,0,1,NA,NA,NA,NA,NA,2064.38,1/15/19,1033,NA,NA,NA,NA,NA,NA,dead,1,0,7/18/19,1217,51.85,NA,NA,NA,NA,NA,no green,1,0,NA,NA,NA,NA,NA,7/18/19,,NA,NA,NA,NA,NA,NA,NA,NA,NA,0,,2.06E-05,0.000208022,0.519197708,4.77257915,NA,NA
59,HI,FX,Volcano,3,274,NA,DOVI,PHN,NA,NA,3/18/16,0,0.99,4,NA,NA,NA,NA,,0,1,7/10/16,114,4.2,22.225,NA,NA,NA,NA,,0,1,6/15/17,454,28,143,NA,104,101,100,fence off,0,1,1/16/18,669,22.5,479.3,6/20/18,824,56.3,210,NA,204,216,NA,,0,1,21.94135511,490.8646605,1.30878,2607.1,-24.51,2432.38,1/15/19,1033,NA,NA,NA,NA,NA,NA,dead,1,0,7/18/19,1217,57.85,NA,NA,NA,NA,NA,no green,1,0,NA,NA,NA,NA,NA,7/18/19,,NA,NA,NA,NA,NA,NA,NA,NA,NA,0,,6.28E-06,0.0008858,0.322443284,4.220139969,NA,NA
60,HI,FX,Volcano,4,286,NA,DOVI,PHN,NA,NA,12/14/16,0,1.1,3.81,NA,NA,NA,NA,,0,1,NA,NA,NA,NA,NA,NA,NA,NA,,0,0,6/15/17,183,14,65,NA,21,20,100,,0,0,1/16/18,398,28.1,490.6,6/20/18,553,12.6,158,NA,108,95,NA,Diameter doesn't increase any more and height tapers off,0,0,26.74551283,496.8956225,1.16324,2201.2,-26.26,1312.21,1/15/19,762,15,178,NA,85,90,NA,,0,0,7/18/19,946,13.8,177,NA,97,79,NA,,0,0,20.88941956,484.0504364,1.14029,2137.34,-23.9,7/18/19,Aboveground wet weight 0.16 kg,NA,NA,NA,NA,NA,NA,91.00355,160,NA,0.5,"0.5 means use for allometry, but estimated total dry agb from total wet agb using power fit dry = 0.6197853*wet^0.98308; This came from regressing log(dry) on log(wet) from the DV trees where we had both; the R^2 was 0.9978, so not worrying about error propagation; did this because we only had wet mass",7.47E-06,NA,0.004312011,0.09553622,0.109833086,0.09581547
61,HI,FX,Volcano,5,298,NA,DOVI,PHN,NA,NA,3/18/16,0,1.26,4,NA,NA,NA,NA,,0,1,7/10/16,114,2.1,8.89,NA,NA,NA,NA,,0,1,6/15/17,454,21,88,NA,69,68,100,"a lot of clover around tree; October 2017 notes: Not dead, but looks terrible",0.5,1,1/16/18,669,NA,NA,6/20/18,824,NA,NA,NA,NA,NA,NA,dead,1,0,NA,NA,NA,NA,NA,NA,1/15/19,1033,NA,NA,NA,NA,NA,NA,dead,1,0,7/18/19,1217,NA,NA,NA,NA,NA,NA,dead,1,0,NA,NA,NA,NA,NA,7/18/19,Dead,NA,NA,NA,NA,NA,NA,NA,NA,NA,0,,1.05E-05,7.46E-05,0.072439273,NA,NA,NA
62,HI,FX,Volcano,6,310,NA,DOVI,PHN,NA,NA,6/28/16,0,NA,NA,NA,NA,NA,NA,filled with soil to avoid future flooding,0,1,7/10/16,12,1.5,3.175,NA,NA,NA,NA,,0,1,6/15/17,352,14,100,NA,65,63,100,,0,1,1/16/18,567,23.9,496.7,6/20/18,722,34.7,184,NA,120,125,NA,,0,1,32.04044287,528.262439,1.0645,1926.6,-22.04,2898.36,1/15/19,931,36,184,NA,62,45,NA,"not totally dead; canopy dimensions are for green; overall stem is 124 cm, 125 cm; mostly dead with some green tufts of leaves",0.5,0,7/18/19,1115,36.9,198,NA,43,100,NA,"Mostly dead branches, two green branches",0,0,18.5153839,495.1303658,0.93321,1562.21,-25.67,7/18/19,Aboveground wet weight 1.44 kg,NA,NA,NA,NA,NA,NA,789.13452,1440,NA,0,Damage and declining growth and small size make it not useful,NA,1.20E-05,0.037618698,0.739341673,0.204221258,0.318418177
63,HI,FX,Volcano,7,322,NA,DOVI,PHN,NA,NA,3/18/16,0,1.6,7,NA,NA,NA,NA,,0,1,7/10/16,114,2.3,12.065,NA,NA,NA,NA,,0,1,6/15/17,454,22,155,NA,72,51,100,,0,1,1/16/18,669,23.5,410.8,6/20/18,824,34.6,242,NA,97,110,NA,,0,1,26.54987859,498.9052279,1.54086,3256.7,-25.84,3621.49,1/15/19,1033,40,255,NA,105,106,NA,"Height plateaus, but diameter still going up",0,1,7/18/19,1217,43.5,252,NA,109,102,NA,"Height plateaus, but diameter still going up",0,1,29.81776815,480.568166,0.68138,866.05,-25.95,7/18/19,Aboveground wet weight 2.02 kg,NA,NA,NA,NA,NA,NA,1100.65763,2020,NA,0.5,"0.5 means use for allometry, but estimated total dry agb from total wet agb using power fit dry = 0.6197853*wet^0.98308; This came from regressing log(dry) on log(wet) from the DV trees where we had both; the R^2 was 0.9978, so not worrying about error propagation; did this because we only had wet mass",3.21E-05,0.000125887,0.100876885,0.697750783,0.949069096,1.074211069
64,HI,FX,Volcano,8,334,NA,DOVI,PHN,NA,NA,11/10/16,0,1.3,5.588,NA,NA,NA,NA,,0,1,NA,NA,NA,NA,NA,NA,NA,NA,,0,0,6/15/17,217,5.5,48,NA,26,13,100,,0,1,1/16/18,432,21.8,486.5,6/20/18,587,15.5,112,NA,80,56,NA,,0,1,25.2667167,517.4144419,1.88983,4239.3,-26.47,6811.72,1/15/19,796,23,140,NA,120,112,NA,,0,1,7/18/19,980,30.15,159,NA,135,115,NA,,0,1,19.46408578,516.7519365,0.79481,1179.19,-26.21,7/18/19,Aboveground wet weight 1.04 kg,NA,NA,NA,NA,NA,NA,573.07804,1040,NA,0.5,"0.5 means use for allometry, but estimated total dry agb from total wet agb using power fit dry = 0.6197853*wet^0.98308; This came from regressing log(dry) on log(wet) from the DV trees where we had both; the R^2 was 0.9978, so not worrying about error propagation; did this because we only had wet mass",1.61E-05,NA,0.000637945,0.052083592,0.28186654,0.540026508
65,HI,FX,Volcano,1,245,NA,MOFA,HN,NA,NA,10/25/16,0,1.9,2.54,NA,NA,NA,NA,,0,0,NA,NA,NA,NA,NA,NA,NA,NA,,1,0,6/15/17,233,NA,NA,NA,NA,NA,100,dead; October 2017 notes: dead,1,0,1/16/18,448,NA,NA,6/20/18,603,NA,NA,NA,NA,NA,NA,dead,1,0,NA,NA,NA,NA,NA,NA,1/15/19,812,NA,NA,NA,NA,NA,NA,dead,1,0,7/18/19,996,NA,NA,NA,NA,NA,NA,dead,1,0,NA,NA,NA,NA,NA,7/18/19,Dead,NA,NA,NA,NA,NA,NA,NA,NA,NA,0,Dead,7.58E-06,NA,NA,NA,NA,NA
66,HI,FX,Volcano,2,257,NA,MOFA,HN,NA,NA,3/18/16,0,1.11,5,NA,NA,NA,NA,,0,1,7/10/16,114,1.4,6.35,NA,NA,NA,NA,,0,1,6/15/17,454,2,6,NA,0.5,0.5,100,dead,1,0,1/16/18,669,NA,NA,6/20/18,824,NA,NA,NA,NA,NA,NA,dead,1,0,NA,NA,NA,NA,NA,NA,1/15/19,1033,NA,NA,NA,NA,NA,NA,dead,1,0,7/18/19,1217,NA,NA,NA,NA,NA,NA,dead,1,0,NA,NA,NA,NA,NA,7/18/19,Dead,NA,NA,NA,NA,NA,NA,NA,NA,NA,0,,4.80E-06,1.08E-05,6.27E-07,NA,NA,NA
67,HI,FX,Volcano,3,269,NA,MOFA,HN,NA,NA,5/26/16,0,3.1,13.97,NA,NA,NA,NA,,0,1,7/10/16,45,3.1,15.24,NA,NA,NA,NA,,0,1,6/15/17,385,16.5,80,NA,44,42,100,,0,1,1/16/18,600,16.4,496.1,6/20/18,755,46,257,NA,130,165,NA,,0,1,20.96217155,492.3537752,0.55388,514.9,-26.45,NA,1/15/19,964,70,403,NA,195,205,NA,,0,1,7/18/19,1148,96.4,500,NA,266,317,NA,,0,1,15.42974611,472.0947486,0.45437,241.51,-27.74,7/18/19,Aboveground wet weight 52.4 kg,NA,NA,NA,NA,NA,NA,24544.0624,52400,NA,0.5,"0.5 means use for allometry, but estimated total dry agb from total wet agb using power fit dry = 0.4674217*wet^1.000192; This came from regressing log(dry) on log(wet) from the MF trees where we had both; the R^2 was 0.9983, so not worrying about error propagation; did this because we only had wet mass",0.000165688,0.000183112,0.055012938,2.558195969,10.02672185,24.81804975
68,HI,FX,Volcano,4,281,NA,MOFA,HN,NA,NA,1/12/17,0,1,3.81,NA,NA,NA,NA,,0,1,NA,NA,NA,NA,NA,NA,NA,NA,,0,0,6/15/17,154,7,35,NA,14,9,100,,0,1,1/16/18,369,17,500.2,6/20/18,524,20.6,104,NA,57,83,NA,,0,1,14.13838104,496.4920341,1.22909,2384.69,-28.45,NA,1/15/19,733,31,173,NA,110,112,NA,,0,1,7/18/19,917,38.9,227,NA,140,146,NA,,0,1,11.18724289,473.8784888,0.78456,1150.86,-29.53,7/18/19,Average wet:dry ratio for MOFA used for main stem dry weight,612.7,433.7,510.9,0,NA,NA,1557.299049,3785,NA,1,,2.76E-06,NA,0.001485739,0.145554387,0.700624262,1.597755032
69,HI,FX,Volcano,5,293,NA,MOFA,HN,NA,NA,3/18/16,0,2.77,11,NA,NA,NA,NA,,0,1,7/10/16,114,3,12.7,NA,NA,NA,NA,,0,1,6/15/17,454,19,95,NA,67,67,100,,0,1,1/16/18,669,15.7,498.1,6/20/18,824,68.7,300,NA,170,217,NA,,0,1,18.94912384,498.0860501,0.61591,685.64,-29.14,NA,1/15/19,1033,78.76547467,395,NA,225,230,NA,"entered in databook as DV-HN-5 instead of MF-HN-5, but MF-HN-5 is the only one missing in the databook and DV-HN-5 is dead; size measurements fit between the surrounding time points; diam is geometric mean of 94 and 66 mm",0,1,7/18/19,1217,105.1,485,NA,377,494,NA,"two foliar samples were listed as MF-HN-5 (B and C), but they weren't close and there was a missing sample for LN. Based on the expected d15N from treatment, the expected change in d15N from the previous time point, and the expected %N by treatment and tree, we determined which was which",0,1,18.88211627,477.2143693,0.48263,319.11,-27.32,7/18/19,,16477.9,5190.3,8640.8,0,NA,NA,30308.8915,61316,NA,1,,9.72E-05,0.00013772,0.110247674,7.148728115,12.73785355,30.25090702
70,HI,FX,Volcano,6,305,NA,MOFA,HN,NA,NA,3/18/16,0,0.93,3,NA,NA,NA,NA,,0,0,7/10/16,114,1.5,3.81,NA,NA,NA,NA,,0,0,6/15/17,454,NA,NA,NA,NA,NA,100,dead,1,0,1/16/18,669,NA,NA,6/20/18,824,NA,NA,NA,NA,NA,NA,dead,1,0,NA,NA,NA,NA,NA,NA,1/15/19,1033,NA,NA,NA,NA,NA,NA,dead,1,0,7/18/19,1217,NA,NA,NA,NA,NA,NA,dead,1,0,NA,NA,NA,NA,NA,7/18/19,Dead,NA,NA,NA,NA,NA,NA,NA,NA,NA,0,,1.78E-06,7.02E-06,NA,NA,NA,NA
71,HI,FX,Volcano,7,317,NA,MOFA,HN,NA,NA,3/18/16,0,1.4,6,NA,NA,NA,NA,,0,1,7/10/16,114,1.9,7.62,NA,NA,NA,NA,,0,1,6/15/17,454,14.5,52,NA,32,31,100,,0,1,1/16/18,669,20.4,504.3,6/20/18,824,33,150,NA,106,116,NA,,0,1,17.44027526,502.5587297,1.09824,2020.35,-26.46,NA,1/15/19,1033,45.46427169,176,NA,155,140,NA,diam is geometric mean of 53 and 39 mm,0,1,7/18/19,1217,60.7,225,NA,179,187,NA,,0,1,17.16435084,478.6823088,0.49268,346.72,-29.07,7/18/19,,1754.1,814.4,1722.2,0,NA,NA,4290.639535,8800,NA,1,,1.01E-05,2.68E-05,0.022136059,0.687847273,1.709116756,4.151060786
72,HI,FX,Volcano,8,329,NA,MOFA,HN,NA,NA,3/18/16,0,1.62,5,NA,NA,NA,NA,,0,0,7/10/16,114,2.9,7.62,NA,NA,NA,NA,,0,0,6/15/17,454,7.5,19,NA,7,6,100,,0,0,1/16/18,669,16.7,497.7,6/20/18,824,9.4,25,NA,14,10,NA,,0,0,16.93892984,500.8308953,2.16413,5016.6,-28.82,NA,1/15/19,1033,12,44,NA,25,24,NA,,0,0,7/18/19,1217,17.3,51,NA,35,38,NA,,0,0,16.22153518,490.0857153,0.5624,538.38,-29.31,7/18/19,Average wet:dry ratio for MOFA used for twig dry weight,10.6,3.4,20.5,0,NA,NA,34.5,NA,NA,1,"No wet mass recorded for twigs or leaves, so don't use for wet:dry conversion (leaving total wet mass NA)",1.14E-05,7.08E-05,0.000593043,0.002061582,0.010540704,0.034439299
73,HI,FX,Volcano,1,239,NA,MOFA,LN,NA,NA,3/18/16,0,2.63,24,NA,NA,NA,NA,,0,1,7/10/16,114,3.2,26.035,NA,NA,NA,NA,,0,1,6/15/17,454,13.5,48,NA,33,22,100,,0,1,1/16/18,669,17.5,497.3,6/20/18,824,48,210,NA,127,137,NA,,0,1,NA,NA,NA,NA,NA,NA,1/15/19,1033,50,330,NA,199,178,NA,,0,1,7/18/19,1217,93.5,375,NA,278,262,NA,,0,1,15.26247042,482.1300198,0.38231,43.87,-29.04,7/18/19,,9032.5,5190.3,6743.7,0,NA,NA,20966.54291,45308,NA,1,,0.001844434,0.002855338,0.028215667,2.476681631,5.110019458,17.66233555
74,HI,FX,Volcano,2,251,NA,MOFA,LN,NA,NA,3/18/16,0,2.48,20,NA,NA,NA,NA,,0,1,7/10/16,114,5.3,24.765,NA,NA,NA,NA,,0,1,6/15/17,454,15.5,36,NA,27,19,100,,0,1,1/16/18,669,18.7,495.1,6/20/18,824,20.5,75,NA,70,74,NA,,0,1,21.3716363,502.0421275,0.39221,71,-27.92,NA,1/15/19,1033,30,97,NA,98,113,NA,,0,1,7/18/19,1217,41.05,170,NA,161,152,NA,,0,1,16.11590676,483.9647129,0.37106,13.05,-28.3,7/18/19,Average wet:dry ratio for MOFA used for twig dry weight,647.9,542.8,886.2,0,NA,NA,2076.9,NA,NA,1,"No wet mass recorded for twigs or leaves, so don't use for wet:dry conversion (leaving total wet mass NA)",0.001398817,0.006916984,0.022691023,0.213987802,0.64323756,2.145089592
75,HI,FX,Volcano,3,263,NA,MOFA,LN,NA,NA,1/12/17,0,1,3.81,NA,NA,NA,NA,,0,1,NA,NA,NA,NA,NA,NA,NA,NA,,0,0,6/15/17,154,8,44,NA,18,14,100,,0,1,1/16/18,369,17.7,487.2,6/20/18,524,14.7,97,NA,41,46,NA,,0,1,22.71819623,492.4436528,0.3934,74.3,-26,NA,1/15/19,733,29,178,NA,83,85,NA,,0,1,7/18/19,917,43.7,270,NA,124,154,NA,,0,1,18.58089096,486.5762518,0.36788,4.32,-28.36,7/18/19,Aboveground wet weight 6.5 kg,NA,NA,NA,NA,NA,NA,3043.3679,6500,NA,0.5,"0.5 means use for allometry, but estimated total dry agb from total wet agb using power fit dry = 0.4674217*wet^1.000192; This came from regressing log(dry) on log(wet) from the MF trees where we had both; the R^2 was 0.9983, so not worrying about error propagation; did this because we only had wet mass",5.67E-05,NA,0.006761927,0.090069376,0.704978277,2.713863516
76,HI,FX,Volcano,4,275,NA,MOFA,LN,NA,NA,5/26/16,0,1.2,3.175,NA,NA,NA,NA,,0,1,7/10/16,45,1.9,6.35,NA,NA,NA,NA,,0,1,6/15/17,385,9,19,NA,12,7,100,,0,1,1/16/18,600,NA,NA,6/20/18,755,23.7,69,NA,55,57,NA,,0,1,23.35673218,484.83838,0.40575,108.1,-26.76,NA,1/15/19,964,28,74,NA,75,75,NA,,0,1,7/18/19,1148,34.8,123,NA,108,133,NA,,0,1,15.94054487,474.352552,0.38025,38.21,-28.31,7/18/19,Aboveground wet weight 2.4 kg; entire root system harvested and dried,NA,NA,NA,NA,NA,NA,1123.4901,2400,121,0.5,"0.5 means use for allometry, but estimated total dry agb from total wet agb using power fit dry = 0.4674217*wet^1.000192; This came from regressing log(dry) on log(wet) from the MF trees where we had both; the R^2 was 0.9983, so not worrying about error propagation; did this because we only had wet mass",6.71E-05,0.000296922,0.002224742,0.182654044,0.334323479,1.050323838
77,HI,FX,Volcano,5,287,NA,MOFA,LN,NA,NA,3/18/16,0,1.27,7,NA,NA,NA,NA,,0,1,7/10/16,114,3.6,10.16,NA,NA,NA,NA,,0,1,6/15/17,454,14,50,NA,35,29,100,"October 2017 notes: Dead (should this be DV-LN-5?); growth looks fine, so leaving it in",0.5,1,1/16/18,669,16.9,499.8,6/20/18,824,19.3,115,NA,68,62,NA,,0,1,17.51413607,494.3360099,0.4516,233.91,-27.21,NA,1/15/19,1033,51,165,NA,105,110,NA,,0,1,7/18/19,1217,68.3,240,NA,168,170,NA,"two foliar samples were listed as MF-HN-5 (B and C), but they weren't close and there was a missing sample for LN. Based on the expected d15N from treatment, the expected change in d15N from the previous time point, and the expected %N by treatment and tree, we determined which was which",0,1,13.84360786,469.7761037,0.40183,97.38,-28.9,7/18/19,Aboveground wet weight 10.9 kg,NA,NA,NA,NA,NA,NA,5104.0005,10900,NA,0.5,"0.5 means use for allometry, but estimated total dry agb from total wet agb using power fit dry = 0.4674217*wet^1.000192; This came from regressing log(dry) on log(wet) from the MF trees where we had both; the R^2 was 0.9983, so not worrying about error propagation; did this because we only had wet mass",0.000154489,0.001489483,0.03731437,0.231901364,1.831444344,5.511110468
78,HI,FX,Volcano,6,299,NA,MOFA,LN,NA,NA,7/10/16,0,NA,NA,NA,NA,NA,NA,filled with soil to avoid future flooding,0,0,7/10/16,0,1.7,12.7,NA,NA,NA,NA,larger of two stems,0,1,6/15/17,340,17.5,75,NA,45,33,100,,0,1,1/16/18,555,16.6,497.6,6/20/18,710,42.8,181,NA,100,100,NA,,0,1,24.25591044,491.9652476,0.41235,126.22,-27.23,NA,1/15/19,919,61,245,NA,158,162,NA,,0,1,7/18/19,1103,77.45,330,NA,252,206,NA,,0,1,15.1919816,485.5353334,0.37193,15.41,-28.93,7/18/19,Aboveground wet weight 18.64 kg,NA,NA,NA,NA,NA,NA,8729.2085,18640,NA,0.5,"0.5 means use for allometry, but estimated total dry agb from total wet agb using power fit dry = 0.4674217*wet^1.000192; This came from regressing log(dry) on log(wet) from the MF trees where we had both; the R^2 was 0.9983, so not worrying about error propagation; did this because we only had wet mass",NA,0.000458379,0.083116191,1.432808574,4.564623134,10.82073699
79,HI,FX,Volcano,7,311,NA,MOFA,LN,NA,NA,3/18/16,0,2.57,9,NA,NA,NA,NA,,0,1,7/10/16,114,2.9,9.525,NA,NA,NA,NA,,0,1,6/15/17,454,7.5,22,NA,12,10,100,,0,1,1/16/18,669,17.1,499.1,6/20/18,824,11.8,53,NA,30,28,NA,,0,1,NA,NA,NA,NA,NA,NA,1/15/19,1033,17,54,NA,49,53,NA,,0,1,7/18/19,1217,18.35,60,NA,68,65,NA,,0,1,14.33554319,481.3680714,0.43526,189.08,-29.41,7/18/19,,35.2,25.8,80.4,0,NA,NA,141.4173913,288,NA,1,,0.000715166,0.000941719,0.00238739,0.02745882,0.089538769,0.145664515
80,HI,FX,Volcano,8,323,NA,MOFA,LN,NA,NA,3/18/16,0,2.48,15,NA,NA,NA,NA,,0,1,7/10/16,114,4.7,19.05,NA,NA,NA,NA,,0,1,6/15/17,454,6.5,13,NA,6,5,100,"tiny, negative height growth",0,0,1/16/18,669,16.9,524.6,6/20/18,824,4.9,18,NA,8,7,NA,Diameter decreased,0,0,14.09140205,499.2754759,1.04001,1858.5,-28.29,NA,1/15/19,1033,5.5,12,NA,7,6,NA,"tiny, negative height growth",0,0,7/18/19,1217,NA,NA,NA,NA,NA,NA,dead (no plant?),1,0,NA,NA,NA,NA,NA,7/18/19,Dead,NA,NA,NA,NA,NA,NA,NA,NA,NA,0,,0.00107276,0.004350422,0.000551152,0.000693721,0.000507846,NA
81,HI,FX,Volcano,1,242,NA,MOFA,MN,NA,NA,1/12/17,0,1.9,3.81,NA,NA,NA,NA,,0,1,NA,NA,NA,NA,NA,NA,NA,NA,,0,0,6/15/17,154,11,26,NA,13,11,100,,0,1,1/16/18,369,17.6,497.1,6/20/18,524,13,67,NA,44,42,NA,,0,1,21.72104011,490.4376748,0.44137,205.8,-26.65,NA,1/15/19,733,22,104,NA,75,63,NA,,0,1,7/18/19,917,33.5,137,NA,95,92,NA,,0,1,14.86404049,485.1136381,0.40923,117.66,-27.82,7/18/19,,163,199.8,380.7,0,NA,NA,743.4615385,1565,NA,1,,6.38E-05,NA,0.005859537,0.118353409,0.355383197,0.792537833
82,HI,FX,Volcano,2,254,NA,MOFA,MN,NA,NA,3/18/16,0,1.41,11,NA,NA,NA,NA,data for new shoot only,0,1,7/10/16,114,6.7,13.97,NA,NA,NA,NA,,0,1,6/15/17,454,22,48,NA,27,25,100,,0,1,1/16/18,669,18.5,505.5,6/20/18,824,40.4,123,NA,95,95,NA,,0,1,19.37229041,497.5924453,0.50401,377.8,-28.06,NA,1/15/19,1033,50,145,NA,125,120,NA,,0,1,7/18/19,1217,67.1,193,NA,149,157,NA,,0,1,15.05039096,481.1799918,0.55187,509.41,-28.23,7/18/19,Aboveground wet weight 6.9 kg,NA,NA,NA,NA,NA,NA,3230.6891,6900,NA,0.5,"0.5 means use for allometry, but estimated total dry agb from total wet agb using power fit dry = 0.4674217*wet^1.000192; This came from regressing log(dry) on log(wet) from the MF trees where we had both; the R^2 was 0.9983, so not worrying about error propagation; did this because we only had wet mass",0.000101375,0.002902306,0.026633653,0.817938672,1.720977261,3.392485344
83,HI,FX,Volcano,3,266,NA,MOFA,MN,NA,NA,3/18/16,0,1.25,2,NA,NA,NA,NA,,0,1,7/10/16,114,1.5,3.81,NA,NA,NA,NA,,0,0,6/15/17,454,5.5,18,NA,7,6,100,,0,0,1/16/18,669,19.9,492.7,6/20/18,824,7.3,57,NA,22,16,NA,,0,0,24.49563364,491.2305952,0.94045,1582.3,-26.16,NA,1/15/19,1033,17,81,NA,37,34,NA,,0,0,7/18/19,1217,19.6,87,NA,40,43,NA,,0,0,12.90800509,485.6771987,0.43173,179.4,-29.56,7/18/19,Aboveground wet weight 0.17 kg,NA,NA,NA,NA,NA,NA,79.5401,170,NA,0.5,"0.5 means use for allometry, but estimated total dry agb from total wet agb using power fit dry = 0.4674217*wet^1.000192; This came from regressing log(dry) on log(wet) from the MF trees where we had both; the R^2 was 0.9983, so not worrying about error propagation; did this because we only had wet mass",1.45E-05,3.98E-05,0.002459575,0.018257265,0.062438664,0.090610372
84,HI,FX,Volcano,4,278,NA,MOFA,MN,NA,NA,5/26/16,0,3.2,24.13,NA,NA,NA,NA,,0,1,7/10/16,45,3.6,25.4,NA,NA,NA,NA,,0,1,6/15/17,385,16.5,73,NA,41,40,100,,0,1,1/16/18,600,16,500.7,6/20/18,755,36,163,NA,110,120,NA,,0,1,19.6863327,492.4615052,0.64218,758,-26.7,NA,1/15/19,964,47,225,NA,161,168,NA,,0,1,7/18/19,1148,60.95,305,NA,197,224,NA,,0,1,13.90703519,475.146615,0.48818,334.36,-28.94,7/18/19,,3454.2,1622.1,3039,0,NA,NA,8115.30774,16658,NA,1,,0.001144063,0.001523951,0.092224224,1.443467344,4.258662149,9.367692329
85,HI,FX,Volcano,5,290,NA,MOFA,MN,NA,NA,5/26/16,0,NA,NA,NA,NA,NA,NA,,0,0,7/10/16,45,2.7,15.24,NA,NA,NA,NA,,0,1,6/15/17,385,13.5,23,NA,16,13,100,,0,1,1/16/18,600,NA,NA,6/20/18,755,25.1,112,NA,75,60,NA,,0,1,20.14301475,490.5151525,0.62024,697.57,-26.62,NA,1/15/19,964,41,190,NA,100,113,NA,,0,1,7/18/19,1148,62.05,300,NA,161,166,NA,,0,1,15.62424695,466.993823,0.41023,120.4,-28.38,7/18/19,Aboveground wet weight 11.1 kg,NA,NA,NA,NA,NA,NA,5197.67,11100,NA,0.5,"0.5 means use for allometry, but estimated total dry agb from total wet agb using power fit dry = 0.4674217*wet^1.000192; This came from regressing log(dry) on log(wet) from the MF trees where we had both; the R^2 was 0.9983, so not worrying about error propagation; did this because we only had wet mass",NA,0.000514604,0.008632335,0.320469532,1.121073505,4.195814044
86,HI,FX,Volcano,6,302,NA,MOFA,MN,NA,NA,5/26/16,0,3.4,15.24,NA,NA,NA,NA,"was not faya, so replaced",0,1,7/10/16,45,3.7,16.51,NA,NA,NA,NA,,0,1,6/15/17,385,9.5,54,NA,23,13,100,,0,1,1/16/18,600,16.3,500.7,6/20/18,755,30.9,179,NA,90,82,NA,,0,1,19.70962544,501.8758638,0.49649,357.18,-29.25,NA,1/15/19,964,43,217,NA,135,105,NA,,0,1,7/18/19,1148,50.5,241,NA,124,146,NA,,0,1,15.38859396,476.8963425,0.40762,113.24,-28.37,7/18/19,,1062.1,395.2,869.5,0,NA,NA,2326.805873,4781,NA,1,,0.000815842,0.001046554,0.013149733,0.612020712,1.572597966,2.273985942
87,HI,FX,Volcano,7,314,NA,MOFA,MN,NA,NA,3/18/16,0,1.52,11,NA,NA,NA,NA,,0,1,7/10/16,114,2,13.97,NA,NA,NA,NA,,0,0,6/15/17,454,8.5,23,NA,17,6,100,October 2017 notes: Dead (should this be DV-MN-7?),0.5,0,1/16/18,669,13.8,511.7,6/20/18,824,3.7,29,NA,15,16,NA,"Diameter decreased, but height and canopy volume increased",0,0,22.25932883,496.1029015,1.20263,2310.9,-28.14,NA,1/15/19,1033,10,54,NA,25,27,NA,,0,0,7/18/19,1217,17.1,75,NA,52,48,NA,,0,0,16.79831184,476.4050374,0.4567,247.91,-27.92,7/18/19,Aboveground wet weight 0.4 kg,NA,NA,NA,NA,NA,NA,187.1839,400,NA,0.5,"0.5 means use for allometry, but estimated total dry agb from total wet agb using power fit dry = 0.4674217*wet^1.000192; This came from regressing log(dry) on log(wet) from the MF trees where we had both; the R^2 was 0.9983, so not worrying about error propagation; did this because we only had wet mass",0.000117801,0.000258917,0.004728675,0.019829894,0.036412678,0.161186855
88,HI,FX,Volcano,8,326,NA,MOFA,MN,NA,NA,3/18/16,0,1.28,6,NA,NA,NA,NA,,0,1,7/10/16,114,2.9,8.89,NA,NA,NA,NA,,0,1,6/15/17,454,4.5,7,NA,3,2,100,October 2017 notes: dead,0.5,0,1/16/18,669,NA,NA,6/20/18,824,NA,NA,NA,NA,NA,NA,dead,1,0,NA,NA,NA,NA,NA,NA,1/15/19,1033,NA,NA,NA,NA,NA,NA,dead,1,0,7/18/19,1217,NA,NA,NA,NA,NA,NA,dead,1,0,NA,NA,NA,NA,NA,7/18/19,Dead; wet subsamples listed under data from Hawaii but didn't weigh bags in NY; average wet:dry ratio for MOFA used for main stem dry weight,10298.4,NA,NA,0,NA,NA,NA,NA,NA,0,,4.56E-05,0.000346371,0.000513489,NA,NA,NA
89,HI,FX,Volcano,1,248,NA,MOFA,PHN,NA,NA,3/18/16,0,1.17,10,NA,NA,NA,NA,,0,1,7/10/16,114,1.5,10.795,NA,NA,NA,NA,,0,1,6/15/17,454,4,9,NA,8,7,100,"height drops from last time point, but diameter increases",0,1,1/16/18,669,16.3,512.1,6/20/18,824,12,51,NA,30,37,NA,,0,1,23.2633412,491.5998412,1.12807,2103.3,-26.53,NA,1/15/19,1033,18,70,NA,60,57,NA,,0,1,7/18/19,1217,24.3,88,NA,79,84,NA,,0,1,15.97282994,479.6985872,0.51338,403.6,-28.12,7/18/19,Average wet:dry ratio for MOFA used for twig dry weight,92.8,66.3,272.3,0,NA,NA,431.4,NA,NA,1,"No wet mass recorded for twigs or leaves, so don't use for wet:dry conversion (leaving total wet mass NA)",0.000698733,0.001094884,0.001588966,0.064634023,0.215560055,0.468681372
90,HI,FX,Volcano,2,260,NA,MOFA,PHN,NA,NA,3/18/16,0,0.89,3,NA,NA,NA,NA,,0,1,7/10/16,114,1.9,5.08,NA,NA,NA,NA,,0,1,6/15/17,454,8,30,NA,11,14,100,"dead; usable for growth rate, though, given that growth was consistent from the last time; must have died right before this measurement",1,1,1/16/18,669,NA,NA,6/20/18,824,NA,NA,NA,NA,NA,NA,dead,1,0,NA,NA,NA,NA,NA,NA,1/15/19,1033,NA,NA,NA,NA,NA,NA,dead,1,0,7/18/19,1217,NA,NA,NA,NA,NA,NA,dead,1,0,NA,NA,NA,NA,NA,7/18/19,Dead,NA,NA,NA,NA,NA,NA,NA,NA,NA,0,,0.000177283,0.000878586,0.010164795,NA,NA,NA
91,HI,FX,Volcano,3,272,NA,MOFA,PHN,NA,NA,3/18/16,0,1.65,9,NA,NA,NA,NA,,0,1,7/10/16,114,5.9,16.51,NA,NA,NA,NA,,0,1,6/15/17,454,18.5,43,NA,23,14,100,,0,1,1/16/18,669,15.8,484.4,6/20/18,824,24.3,127,NA,60,75,NA,,0,1,28.86696961,489.1687466,0.9376,1574.4,-23.6,NA,1/15/19,1033,43,204,NA,133,133,NA,,0,1,7/18/19,1217,56.9,300,NA,193,209,NA,,0,1,18.34721501,478.8585003,0.42939,172.96,-26.57,7/18/19,Aboveground wet weight 10.12 kg,NA,NA,NA,NA,NA,NA,4738.6925,10120,NA,0.5,"0.5 means use for allometry, but estimated total dry agb from total wet agb using power fit dry = 0.4674217*wet^1.000192; This came from regressing log(dry) on log(wet) from the MF trees where we had both; the R^2 was 0.9983, so not worrying about error propagation; did this because we only had wet mass",0.001102424,0.013049673,0.041380932,0.435969147,2.040846428,5.051654882
92,HI,FX,Volcano,4,284,NA,MOFA,PHN,NA,NA,3/18/16,0,2.27,13,NA,NA,NA,NA,,0,1,7/10/16,114,2.5,15.24,NA,NA,NA,NA,,0,1,6/15/17,454,28,132,NA,79,74,100,,0,1,1/16/18,669,16.2,504.8,6/20/18,824,63.9,285,NA,208,190,NA,,0,1,20.72094987,500.9018538,0.55503,518.1,-27.74,NA,1/15/19,1033,78,356,NA,265,210,NA,,0,1,7/18/19,1217,103.3,425,NA,275,356,NA,,0,1,17.38188208,489.8722134,0.45892,254,-29.7,7/18/19,Aboveground wet weight 37.56 kg,NA,NA,NA,NA,NA,NA,17591.9091,37560,NA,0.5,"0.5 means use for allometry, but estimated total dry agb from total wet agb using power fit dry = 0.4674217*wet^1.000192; This came from regressing log(dry) on log(wet) from the MF trees where we had both; the R^2 was 0.9983, so not worrying about error propagation; did this because we only had wet mass",0.002423614,0.003193008,0.590164221,5.400308438,8.665523237,16.63125883
93,HI,FX,Volcano,5,296,NA,MOFA,PHN,NA,NA,3/18/16,0,0.87,2.5,NA,NA,NA,NA,,0,1,7/10/16,114,1.7,3.81,NA,NA,NA,NA,,0,1,6/15/17,454,15.5,70,NA,47,37,100,,0,1,1/16/18,669,18.7,495.6,6/20/18,824,40.7,183,NA,116,107,NA,,0,1,28.02339097,506.3589912,0.64608,768.8,-27.17,NA,1/15/19,1033,56,253,NA,130,138,NA,,0,1,7/18/19,1217,77,325,NA,173,223,NA,,0,1,19.16575276,487.6607147,0.5928,622.03,-29.76,7/18/19,,2970.5,1525.1,2719,0,NA,NA,7214.622523,15470,NA,1,,0.000148315,0.000589189,0.124278197,1.498486147,2.856157371,6.634875085
94,HI,FX,Volcano,6,308,NA,MOFA,PHN,NA,NA,3/18/16,0,2.09,12,NA,NA,NA,NA,,0,1,7/10/16,114,2.6,12.065,NA,NA,NA,NA,,0,1,6/15/17,454,7.5,41,NA,25,14,100,,0,1,1/16/18,669,20.1,490.5,6/20/18,824,24.7,120,NA,71,77,NA,,0,1,26.34833325,500.4254383,0.74648,1045.7,-24.62,NA,1/15/19,1033,35,180,NA,95,116,NA,,0,1,7/18/19,1217,43.4,258,NA,151,122,NA,,0,1,15.69176033,476.0039017,0.57507,573.24,-28.68,7/18/19,Aboveground wet weight 5.04 kg,NA,NA,NA,NA,NA,NA,2359.6654,5040,NA,0.5,"0.5 means use for allometry, but estimated total dry agb from total wet agb using power fit dry = 0.4674217*wet^1.000192; This came from regressing log(dry) on log(wet) from the MF trees where we had both; the R^2 was 0.9983, so not worrying about error propagation; did this because we only had wet mass",0.002,0.002827584,0.018511811,0.485448265,1.211658679,2.337991233
95,HI,FX,Volcano,7,320,NA,MOFA,PHN,NA,NA,3/18/16,0,1.88,6,NA,NA,NA,NA,,0,1,7/10/16,114,4.3,11.43,NA,NA,NA,NA,,0,1,6/15/17,454,12.5,49,NA,42,30,100,,0,1,1/16/18,669,19.3,496,6/20/18,824,39,122,NA,84,84,NA,,0,1,24.96225511,493.5771138,0.91126,1501.4,-24.61,NA,1/15/19,1033,54,179,NA,135,138,NA,,0,1,7/18/19,1217,73.25,230,NA,179,178,NA,,0,1,16.06232033,478.1815469,0.86981,1386.62,-28.33,7/18/19,,1492.1,966.3,1414.3,0,NA,NA,3872.718379,9051,NA,1,,0.000984475,0.00596073,0.071254535,0.857996204,2.429009343,4.876658074
96,HI,FX,Volcano,8,332,NA,MOFA,PHN,NA,NA,3/18/16,0,1.67,6,NA,NA,NA,NA,,0,1,7/10/16,114,2.1,7.62,NA,NA,NA,NA,,0,1,6/15/17,454,8,29,NA,18,18,100,,0,1,1/16/18,669,16.9,497.5,6/20/18,824,13.7,75,NA,47,46,NA,,0,1,24.29886812,500.3485355,0.7858,1154.3,-24.56,NA,1/15/19,1033,26,95,NA,74,94,NA,,0,1,7/18/19,1217,40.15,145,NA,120,116,NA,,0,1,17.91209872,484.5417413,0.47375,294.73,-28.45,7/18/19,Aboveground wet weight 3.84 kg,NA,NA,NA,NA,NA,NA,1797.7464,3840,NA,0.5,"0.5 means use for allometry, but estimated total dry agb from total wet agb using power fit dry = 0.4674217*wet^1.000192; This came from regressing log(dry) on log(wet) from the MF trees where we had both; the R^2 was 0.9983, so not worrying about error propagation; did this because we only had wet mass",0.000817751,0.001411882,0.015953801,0.13112086,0.530078994,1.430953757